t,inp_mag,tgt_x,tgt_y,tgt_z,tgt_rx,tgt_ry,tgt_rz,act_x,act_y,act_z,act_rx,act_ry,act_rz
6e-05,0,0.198965,-0.073121,0.20835,3.129,0.002,0.025,0.198978,-0.073121,0.208348,3.129,0.002,0.026
0.02021,0,0.198965,-0.073121,0.20835,3.129,0.002,0.025,0.198978,-0.073121,0.208348,3.129,0.002,0.026
0.04036,0,0.198965,-0.073121,0.20835,3.129,0.002,0.025,0.198978,-0.073121,0.208348,3.129,0.002,0.026
0.06049,0,0.198965,-0.073121,0.20835,3.129,0.002,0.025,0.198981,-0.073128,0.208353,3.129,0.001,0.025
0.08063,0,0.198965,-0.073121,0.20835,3.129,0.002,0.025,0.198981,-0.073128,0.208353,3.129,0.001,0.025
0.10068,0,0.198965,-0.073121,0.20835,3.129,0.002,0.025,0.198981,-0.073128,0.208353,3.129,0.001,0.025
0.12074,0,0.198965,-0.073121,0.20835,3.129,0.002,0.025,0.198981,-0.073128,0.208353,3.129,0.001,0.025
0.1408,0,0.198965,-0.073121,0.20835,3.129,0.002,0.025,0.199012,-0.073055,0.208374,3.129,0.001,0.024
0.16086,0,0.198965,-0.073121,0.20835,3.129,0.002,0.025,0.199012,-0.073055,0.208374,3.129,0.001,0.024
0.18092,0,0.198965,-0.073121,0.20835,3.129,0.002,0.025,0.199041,-0.073044,0.2084,3.129,0.001,0.024
0.20098,0,0.198965,-0.073121,0.20835,3.129,0.002,0.025,0.199041,-0.073044,0.2084,3.129,0.001,0.024
0.22104,0,0.198965,-0.073121,0.20835,3.129,0.002,0.025,0.199041,-0.073044,0.2084,3.129,0.001,0.024
0.2411,0,0.198965,-0.073121,0.20835,3.129,0.002,0.025,0.199077,-0.073021,0.208394,3.129,0.001,0.024
0.26116,0,0.198965,-0.073121,0.20835,3.129,0.002,0.025,0.199077,-0.073021,0.208394,3.129,0.001,0.024
0.28122,0,0.198965,-0.073121,0.20835,3.129,0.002,0.025,0.199077,-0.073021,0.208394,3.129,0.001,0.024
0.30127,0,0.198965,-0.073121,0.20835,3.129,0.002,0.025,0.199053,-0.073022,0.208373,3.129,0.001,0.024
0.32134,0,0.198965,-0.073121,0.20835,3.129,0.002,0.025,0.199053,-0.073022,0.208373,3.129,0.001,0.024
0.34139,0,0.198965,-0.073121,0.20835,3.129,0.002,0.025,0.199053,-0.073022,0.208373,3.129,0.001,0.024
0.36145,0,0.198965,-0.073121,0.20835,3.129,0.002,0.025,0.199033,-0.072989,0.208352,3.129,0.001,0.024
0.38151,0,0.198965,-0.073121,0.20835,3.129,0.002,0.025,0.199033,-0.072989,0.208352,3.129,0.001,0.024
0.40156,0,0.198965,-0.073121,0.20835,3.129,0.002,0.025,0.199033,-0.072989,0.208352,3.129,0.001,0.024
0.42162,0,0.198965,-0.073121,0.20835,3.129,0.002,0.025,0.199019,-0.072994,0.20835,3.129,0.001,0.024
0.44168,0,0.198965,-0.073121,0.20835,3.129,0.002,0.025,0.199019,-0.072994,0.20835,3.129,0.001,0.024
0.46174,0,0.198965,-0.073121,0.20835,3.129,0.002,0.025,0.199019,-0.072994,0.20835,3.129,0.001,0.024
0.48175,0,0.198965,-0.073121,0.20835,3.129,0.002,0.025,0.198999,-0.072993,0.208341,3.129,0.001,0.024
0.50181,0,0.198965,-0.073121,0.20835,3.129,0.002,0.025,0.198999,-0.072993,0.208341,3.129,0.001,0.024
0.52187,0,0.198965,-0.073121,0.20835,3.129,0.002,0.025,0.198999,-0.072993,0.208341,3.129,0.001,0.024
0.54193,0,0.198965,-0.073121,0.20835,3.129,0.002,0.025,0.199007,-0.073006,0.208341,3.129,0.001,0.024
0.56199,0,0.198965,-0.073121,0.20835,3.129,0.002,0.025,0.199007,-0.073006,0.208341,3.129,0.001,0.024
0.58204,0,0.198965,-0.073121,0.20835,3.129,0.002,0.025,0.199007,-0.073006,0.208341,3.129,0.001,0.024
0.6021,0,0.198965,-0.073121,0.20835,3.129,0.002,0.025,0.199002,-0.073019,0.208341,3.129,0.001,0.024
0.62216,0,0.198965,-0.073121,0.20835,3.129,0.002,0.025,0.199002,-0.073019,0.208341,3.129,0.001,0.024
0.64222,0,0.198965,-0.073121,0.20835,3.129,0.002,0.025,0.199002,-0.073019,0.208341,3.129,0.001,0.024
0.66227,0,0.198965,-0.073121,0.20835,3.129,0.002,0.025,0.198995,-0.073034,0.208336,3.129,0.001,0.024
0.68233,0,0.198965,-0.073121,0.20835,3.129,0.002,0.025,0.198995,-0.073034,0.208336,3.129,0.001,0.024
0.70239,0,0.198965,-0.073121,0.20835,3.129,0.002,0.025,0.198995,-0.073034,0.208336,3.129,0.001,0.024
0.72245,0,0.198965,-0.073121,0.20835,3.129,0.002,0.025,0.198984,-0.073058,0.208346,3.129,0.001,0.024
0.74251,0,0.198965,-0.073121,0.20835,3.129,0.002,0.025,0.198984,-0.073058,0.208346,3.129,0.001,0.024
0.76257,0,0.198965,-0.073121,0.20835,3.129,0.002,0.025,0.198984,-0.073058,0.208346,3.129,0.001,0.024
0.78263,0,0.198965,-0.073121,0.20835,3.129,0.002,0.025,0.198979,-0.073071,0.208346,3.129,0.001,0.025
0.80269,0,0.198965,-0.073121,0.20835,3.129,0.002,0.025,0.198979,-0.073071,0.208346,3.129,0.001,0.025
0.82275,0,0.198965,-0.073121,0.20835,3.129,0.002,0.025,0.198979,-0.073071,0.208346,3.129,0.001,0.025
0.84281,0,0.198965,-0.073121,0.20835,3.129,0.002,0.025,0.198973,-0.073088,0.208346,3.129,0.001,0.025
0.86287,0,0.198965,-0.073121,0.20835,3.129,0.002,0.025,0.198973,-0.073088,0.208346,3.129,0.001,0.025
0.88293,0,0.198965,-0.073121,0.20835,3.129,0.002,0.025,0.198973,-0.073088,0.208346,3.129,0.001,0.025
0.90299,0,0.198965,-0.073121,0.20835,3.129,0.002,0.025,0.198963,-0.073101,0.208342,3.129,0.002,0.025
0.92305,0,0.198965,-0.073121,0.20835,3.129,0.002,0.025,0.198963,-0.073101,0.208342,3.129,0.002,0.025
0.9431,0,0.198965,-0.073121,0.20835,3.129,0.002,0.025,0.198963,-0.073101,0.208342,3.129,0.002,0.025
0.96316,0,0.198965,-0.073121,0.20835,3.129,0.002,0.025,0.198965,-0.073096,0.208332,3.129,0.002,0.025
0.98322,0,0.198965,-0.073121,0.20835,3.129,0.002,0.025,0.198965,-0.073096,0.208332,3.129,0.002,0.025
1.00328,0,0.198965,-0.073121,0.20835,3.129,0.002,0.025,0.198965,-0.073096,0.208332,3.129,0.002,0.025
1.02334,0,0.198965,-0.073121,0.20835,3.129,0.002,0.025,0.19896,-0.073091,0.208342,3.129,0.002,0.025
1.0434,0,0.198965,-0.073121,0.20835,3.129,0.002,0.025,0.19896,-0.073091,0.208342,3.129,0.002,0.025
1.06346,0,0.198965,-0.073121,0.20835,3.129,0.002,0.025,0.19896,-0.073091,0.208342,3.129,0.002,0.025
1.08351,0,0.198965,-0.073121,0.20835,3.129,0.002,0.025,0.198948,-0.073088,0.208328,3.129,0.002,0.025
1.10357,0,0.198965,-0.073121,0.20835,3.129,0.002,0.025,0.198948,-0.073088,0.208328,3.129,0.002,0.025
1.12363,0,0.198965,-0.073121,0.20835,3.129,0.002,0.025,0.198948,-0.073088,0.208328,3.129,0.002,0.025
1.14368,0,0.198965,-0.073121,0.20835,3.129,0.002,0.025,0.19896,-0.073104,0.208351,3.129,0.001,0.025
1.16374,0,0.198965,-0.073121,0.20835,3.129,0.002,0.025,0.19896,-0.073104,0.208351,3.129,0.001,0.025
1.18374,0,0.198965,-0.073121,0.20835,3.129,0.002,0.025,0.19896,-0.073104,0.208351,3.129,0.001,0.025
1.2038,0,0.198965,-0.073121,0.20835,3.129,0.002,0.025,0.198962,-0.073092,0.208341,3.129,0.002,0.025
1.22386,0,0.198965,-0.073121,0.20835,3.129,0.002,0.025,0.198954,-0.073086,0.208342,3.129,0.002,0.025
1.24392,0,0.198965,-0.073121,0.20835,3.129,0.002,0.025,0.198954,-0.073086,0.208342,3.129,0.002,0.025
1.26398,0,0.198965,-0.073121,0.20835,3.129,0.002,0.025,0.198971,-0.073101,0.20835,3.129,0.001,0.025
1.28404,0,0.198965,-0.073121,0.20835,3.129,0.002,0.025,0.19897,-0.073103,0.20835,3.129,0.001,0.025
1.3041,0,0.198965,-0.073121,0.20835,3.129,0.002,0.025,0.19897,-0.073103,0.20835,3.129,0.001,0.025
1.32416,0,0.198965,-0.073121,0.20835,3.129,0.002,0.025,0.198975,-0.073099,0.208345,3.129,0.001,0.025
1.34422,0,0.198965,-0.073121,0.20835,3.129,0.002,0.025,0.198962,-0.073086,0.208351,3.129,0.002,0.025
1.36427,30,0.198965,-0.073121,0.208316,3.129,0.002,0.025,0.198962,-0.073086,0.208351,3.129,0.002,0.025
1.38433,44,0.198965,-0.073121,0.208265,3.129,0.002,0.025,0.198958,-0.073096,0.208346,3.129,0.002,0.025
1.40439,52,0.198965,-0.073121,0.208206,3.129,0.002,0.025,0.198958,-0.073096,0.208346,3.129,0.002,0.025
1.42445,56,0.198965,-0.073121,0.208142,3.129,0.002,0.025,0.198958,-0.073096,0.208346,3.129,0.002,0.025
1.44451,58,0.198965,-0.073121,0.208076,3.129,0.002,0.025,0.198932,-0.073081,0.208321,3.129,0.002,0.025
1.46457,61,0.198965,-0.073121,0.208006,3.129,0.002,0.025,0.198932,-0.073081,0.208321,3.129,0.002,0.025
1.48462,65,0.198965,-0.073121,0.207932,3.129,0.002,0.025,0.198932,-0.073081,0.208321,3.129,0.002,0.025
1.50468,68,0.198965,-0.073121,0.207854,3.129,0.002,0.025,0.198866,-0.073055,0.208205,3.129,0.002,0.025
1.52474,73,0.198965,-0.073121,0.207771,3.129,0.002,0.025,0.198866,-0.073055,0.208205,3.129,0.002,0.025
1.5448,75,0.198965,-0.073121,0.207685,3.129,0.002,0.025,0.198866,-0.073055,0.208205,3.129,0.002,0.025
1.56486,79,0.198965,-0.073121,0.207595,3.129,0.002,0.025,0.198858,-0.073052,0.208037,3.129,0.002,0.025
1.58492,83,0.198965,-0.073121,0.2075,3.129,0.002,0.025,0.198832,-0.073055,0.207949,3.129,0.002,0.025
1.60498,113,0.198965,-0.073121,0.207371,3.129,0.002,0.025,0.198832,-0.073055,0.207949,3.129,0.002,0.025
1.62503,120,0.198965,-0.073121,0.207233,3.129,0.002,0.025,0.198847,-0.073042,0.20784,3.129,0.002,0.025
1.64509,118,0.198965,-0.073121,0.207099,3.129,0.002,0.025,0.198818,-0.073048,0.207717,3.129,0.002,0.025
1.66515,110,0.198965,-0.073121,0.206973,3.129,0.002,0.025,0.198818,-0.073048,0.207717,3.129,0.002,0.025
1.68521,107,0.198965,-0.073121,0.206851,3.129,0.002,0.025,0.198818,-0.073048,0.207717,3.129,0.002,0.025
1.70527,110,0.198965,-0.073121,0.206725,3.129,0.002,0.025,0.198846,-0.073068,0.207326,3.129,0.002,0.025
1.72533,112,0.198965,-0.073121,0.206597,3.129,0.002,0.025,0.19884,-0.073053,0.207262,3.129,0.002,0.025
1.74539,111,0.198965,-0.073121,0.20647,3.129,0.002,0.025,0.19884,-0.073053,0.207262,3.129,0.002,0.025
1.76544,112,0.198965,-0.073121,0.206342,3.129,0.002,0.025,0.198783,-0.073062,0.207033,3.129,0.002,0.025
1.7855,120,0.198965,-0.073121,0.206205,3.129,0.002,0.025,0.198775,-0.073064,0.206942,3.129,0.002,0.025
1.80556,123,0.198965,-0.073121,0.206064,3.129,0.002,0.025,0.198775,-0.073064,0.206942,3.129,0.002,0.025
1.82562,114,0.198965,-0.073121,0.205934,3.129,0.002,0.025,0.198807,-0.073072,0.206493,3.129,0.002,0.025
1.84564,103,0.198965,-0.073121,0.205816,3.129,0.002,0.025,0.198798,-0.07308,0.206349,3.129,0.002,0.025
1.8657,105,0.198965,-0.073121,0.205696,3.129,0.002,0.025,0.198798,-0.07308,0.206349,3.129,0.002,0.025
1.88575,107,0.198965,-0.073121,0.205574,3.129,0.002,0.025,0.198798,-0.07308,0.206349,3.129,0.002,0.025
1.90581,110,0.198965,-0.073121,0.205448,3.129,0.002,0.025,0.198837,-0.073087,0.206198,3.129,0.002,0.025
1.92587,103,0.198965,-0.073121,0.205331,3.129,0.002,0.025,0.198837,-0.073087,0.206198,3.129,0.002,0.025
1.94593,91,0.198965,-0.073121,0.205227,3.129,0.002,0.025,0.198764,-0.073081,0.205688,3.129,0.002,0.025
1.96598,83,0.198965,-0.073121,0.205132,3.129,0.002,0.025,0.198764,-0.073081,0.205688,3.129,0.002,0.025
1.98605,57,0.198965,-0.073121,0.205067,3.129,0.002,0.025,0.198764,-0.073081,0.205688,3.129,0.002,0.025
2.0061,39,0.198965,-0.073121,0.205022,3.129,0.002,0.025,0.1988,-0.073099,0.205322,3.128,0.002,0.025
2.02617,32,0.198965,-0.073121,0.204999,3.129,0.002,0.025,0.1988,-0.073099,0.205322,3.128,0.002,0.025
2.04622,42,0.198965,-0.073121,0.204996,3.129,0.002,0.025,0.1988,-0.073099,0.205322,3.128,0.002,0.025
2.06628,46,0.198965,-0.073121,0.204996,3.129,0.002,0.025,0.198786,-0.07307,0.205036,3.129,0.002,0.025
2.08634,47,0.198965,-0.073121,0.204996,3.129,0.002,0.025,0.198737,-0.073073,0.204946,3.129,0.002,0.025
2.1064,0,0.198965,-0.073121,0.204996,3.129,0.002,0.025,0.198737,-0.073073,0.204946,3.129,0.002,0.025
2.12646,0,0.198965,-0.073121,0.204996,3.129,0.002,0.025,0.198756,-0.073053,0.204905,3.129,0.002,0.025
2.14652,0,0.198965,-0.073121,0.204996,3.129,0.002,0.025,0.198756,-0.073053,0.204905,3.129,0.002,0.025
2.16657,0,0.198965,-0.073121,0.204996,3.129,0.002,0.025,0.198756,-0.073053,0.204905,3.129,0.002,0.025
2.18663,0,0.198965,-0.073121,0.204996,3.129,0.002,0.025,0.198769,-0.073051,0.204891,3.129,0.002,0.025
2.20669,0,0.198965,-0.073121,0.204996,3.129,0.002,0.025,0.198781,-0.07306,0.20489,3.129,0.002,0.025
2.22675,0,0.198965,-0.073121,0.204996,3.129,0.002,0.025,0.198781,-0.07306,0.20489,3.129,0.002,0.025
2.24681,0,0.198965,-0.073121,0.204996,3.129,0.002,0.025,0.198808,-0.073063,0.204881,3.129,0.002,0.025
2.26687,0,0.198965,-0.073121,0.204996,3.129,0.002,0.025,0.198819,-0.073047,0.20489,3.129,0.002,0.025
2.28693,0,0.198965,-0.073121,0.204996,3.129,0.002,0.025,0.198819,-0.073047,0.20489,3.129,0.002,0.025
2.30698,0,0.198965,-0.073121,0.204996,3.129,0.002,0.025,0.198809,-0.073054,0.204886,3.129,0.002,0.025
2.32704,0,0.198965,-0.073121,0.204996,3.129,0.002,0.025,0.198825,-0.073057,0.204889,3.129,0.002,0.025
2.34709,0,0.198965,-0.073121,0.204996,3.129,0.002,0.025,0.198825,-0.073057,0.204889,3.129,0.002,0.025
2.36716,0,0.198965,-0.073121,0.204996,3.129,0.002,0.025,0.198846,-0.073043,0.204902,3.129,0.002,0.025
2.38721,0,0.198965,-0.073121,0.204996,3.129,0.002,0.025,0.198846,-0.073043,0.204902,3.129,0.002,0.025
2.40727,4,0.198965,-0.073121,0.204996,3.129,0.002,0.025,0.198846,-0.073043,0.204902,3.129,0.002,0.025
2.42733,28,0.198957,-0.073121,0.204996,3.129,0.002,0.025,0.19887,-0.073057,0.204913,3.129,0.002,0.025
2.44738,33,0.198947,-0.073121,0.204996,3.129,0.002,0.025,0.198865,-0.073055,0.204903,3.129,0.002,0.025
2.46744,33,0.198936,-0.073121,0.204996,3.129,0.002,0.025,0.198865,-0.073055,0.204903,3.129,0.002,0.025
2.4875,32,0.198923,-0.073121,0.204996,3.129,0.002,0.025,0.198886,-0.073069,0.204924,3.129,0.002,0.025
2.50756,34,0.198903,-0.073121,0.204996,3.129,0.002,0.025,0.198886,-0.073069,0.204924,3.129,0.002,0.025
2.52761,35,0.19888,-0.073121,0.204996,3.129,0.002,0.025,0.198886,-0.073069,0.204924,3.129,0.002,0.025
2.54767,36,0.198847,-0.073121,0.204996,3.129,0.002,0.025,0.19888,-0.073077,0.204922,3.129,0.002,0.025
2.56773,35,0.198812,-0.073121,0.204996,3.129,0.002,0.025,0.198887,-0.073071,0.204922,3.129,0.002,0.025
2.58775,31,0.198776,-0.073121,0.204996,3.129,0.002,0.025,0.198887,-0.073071,0.204922,3.129,0.002,0.025
2.6078,33,0.198739,-0.073121,0.204996,3.129,0.002,0.025,0.198888,-0.073124,0.204966,3.129,0.002,0.024
2.62786,42,0.198691,-0.073121,0.204996,3.129,0.002,0.025,0.198888,-0.073124,0.204966,3.129,0.002,0.024
2.64791,45,0.198639,-0.073121,0.204996,3.129,0.002,0.025,0.198888,-0.073124,0.204966,3.129,0.002,0.024
2.66797,46,0.198587,-0.073121,0.204996,3.129,0.002,0.025,0.198851,-0.073114,0.204982,3.129,0.002,0.024
2.68802,47,0.198533,-0.073121,0.204996,3.129,0.002,0.025,0.19882,-0.073115,0.204997,3.129,0.001,0.024
2.70808,55,0.19847,-0.073121,0.204996,3.129,0.002,0.025,0.19882,-0.073115,0.204997,3.129,0.001,0.024
2.72814,57,0.198405,-0.073121,0.204996,3.129,0.002,0.025,0.198656,-0.073102,0.204968,3.129,0.002,0.024
2.74819,57,0.19834,-0.073121,0.204996,3.129,0.002,0.025,0.198656,-0.073102,0.204968,3.129,0.002,0.024
2.76825,60,0.198271,-0.073121,0.204992,3.129,0.002,0.025,0.198656,-0.073102,0.204968,3.129,0.002,0.024
2.78831,65,0.198197,-0.073126,0.204984,3.129,0.002,0.025,0.198535,-0.073093,0.204953,3.129,0.002,0.024
2.80836,67,0.19812,-0.073132,0.204975,3.129,0.002,0.025,0.19843,-0.073076,0.20494,3.129,0.002,0.024
2.82842,67,0.198044,-0.07314,0.204963,3.129,0.002,0.025,0.19843,-0.073076,0.20494,3.129,0.002,0.024
2.84848,71,0.197963,-0.073153,0.204949,3.129,0.002,0.025,0.198245,-0.073066,0.204941,3.129,0.002,0.024
2.86854,74,0.197878,-0.073175,0.204932,3.129,0.002,0.025,0.198245,-0.073066,0.204941,3.129,0.002,0.024
2.8886,72,0.197796,-0.073199,0.204912,3.129,0.002,0.025,0.198245,-0.073066,0.204941,3.129,0.002,0.024
2.90866,71,0.197715,-0.073224,0.204892,3.129,0.002,0.025,0.198178,-0.073099,0.204937,3.129,0.002,0.024
2.92872,70,0.197635,-0.073249,0.20487,3.129,0.002,0.025,0.198076,-0.0731,0.204914,3.129,0.002,0.024
2.94875,64,0.197562,-0.07328,0.204849,3.129,0.002,0.025,0.198076,-0.0731,0.204914,3.129,0.002,0.024
2.96881,61,0.197492,-0.073312,0.204829,3.129,0.002,0.025,0.197661,-0.073138,0.204813,3.129,0.002,0.024
2.98886,57,0.197427,-0.073344,0.204807,3.129,0.002,0.025,0.197661,-0.073138,0.204813,3.129,0.002,0.024
3.00896,53,0.197366,-0.073376,0.204785,3.129,0.002,0.025,0.197661,-0.073138,0.204813,3.129,0.002,0.024
3.02903,46,0.197314,-0.073409,0.204761,3.129,0.002,0.025,0.197571,-0.07323,0.204775,3.129,0.002,0.024
3.0491,42,0.197266,-0.073441,0.204737,3.129,0.002,0.025,0.197571,-0.07323,0.204775,3.129,0.002,0.024
3.06916,39,0.197221,-0.073473,0.204713,3.129,0.002,0.025,0.197571,-0.07323,0.204775,3.129,0.002,0.024
3.08922,36,0.19718,-0.073507,0.204689,3.129,0.002,0.025,0.197478,-0.073322,0.204746,3.129,0.001,0.024
3.10928,29,0.197147,-0.073538,0.204661,3.129,0.002,0.025,0.197478,-0.073322,0.204746,3.129,0.001,0.024
3.12934,29,0.197118,-0.073562,0.204628,3.129,0.002,0.025,0.197478,-0.073322,0.204746,3.129,0.001,0.024
3.1494,33,0.197092,-0.073582,0.20459,3.129,0.002,0.025,0.197478,-0.073322,0.204746,3.129,0.001,0.024
3.16946,38,0.197068,-0.073598,0.204547,3.129,0.002,0.025,0.197286,-0.073463,0.204685,3.129,0.001,0.023
3.18952,38,0.197045,-0.073616,0.204503,3.129,0.002,0.025,0.197286,-0.073463,0.204685,3.129,0.001,0.023
3.20959,39,0.197024,-0.073636,0.204459,3.129,0.002,0.025,0.197134,-0.073559,0.204581,3.129,0.001,0.024
3.22965,39,0.197007,-0.073657,0.204414,3.129,0.002,0.025,0.197134,-0.073559,0.204581,3.129,0.001,0.024
3.24971,39,0.19699,-0.073678,0.204369,3.129,0.002,0.025,0.197134,-0.073559,0.204581,3.129,0.001,0.024
3.26975,40,0.196973,-0.073698,0.204324,3.129,0.002,0.025,0.196997,-0.073634,0.204463,3.129,0.002,0.024
3.28986,40,0.196957,-0.073719,0.204278,3.129,0.002,0.025,0.196997,-0.073634,0.204463,3.129,0.002,0.024
3.30993,39,0.196941,-0.073742,0.204233,3.129,0.002,0.025,0.196997,-0.073634,0.204463,3.129,0.002,0.024
3.32999,38,0.196925,-0.073767,0.20419,3.129,0.002,0.025,0.196997,-0.073634,0.204463,3.129,0.002,0.024
3.35005,38,0.196912,-0.073792,0.204147,3.129,0.002,0.025,0.196931,-0.073732,0.204351,3.129,0.001,0.024
3.3701,40,0.1969,-0.073816,0.204101,3.129,0.002,0.025,0.196931,-0.073732,0.204351,3.129,0.001,0.024
3.39017,41,0.196887,-0.073839,0.204054,3.129,0.002,0.025,0.196873,-0.073819,0.204225,3.128,0.001,0.024
3.41023,43,0.196879,-0.073858,0.204005,3.129,0.002,0.025,0.196873,-0.073819,0.204225,3.128,0.001,0.024
3.43029,42,0.196875,-0.073878,0.203957,3.129,0.002,0.025,0.196873,-0.073819,0.204225,3.128,0.001,0.024
3.45035,40,0.196875,-0.073898,0.203911,3.129,0.002,0.025,0.196838,-0.073914,0.204064,3.128,0.001,0.024
3.47041,36,0.196875,-0.07392,0.20387,3.129,0.002,0.025,0.196838,-0.073914,0.204064,3.128,0.001,0.024
3.49047,34,0.196875,-0.073945,0.203831,3.129,0.002,0.025,0.196838,-0.073914,0.204064,3.128,0.001,0.024
3.51053,32,0.196875,-0.07397,0.203795,3.129,0.002,0.025,0.196839,-0.073998,0.203945,3.128,0.001,0.024
3.5306,30,0.196875,-0.073993,0.20376,3.129,0.002,0.025,0.196839,-0.073998,0.203945,3.128,0.001,0.024
3.55064,27,0.196875,-0.074015,0.203729,3.129,0.002,0.025,0.196839,-0.073998,0.203945,3.128,0.001,0.024
3.57071,21,0.196875,-0.074034,0.203705,3.129,0.002,0.025,0.196829,-0.074077,0.203819,3.128,0.001,0.024
3.59075,19,0.196875,-0.074054,0.203684,3.129,0.002,0.025,0.196829,-0.074077,0.203819,3.128,0.001,0.024
3.61082,19,0.196875,-0.074075,0.203664,3.129,0.002,0.025,0.196829,-0.074077,0.203819,3.128,0.001,0.024
3.63087,20,0.196875,-0.074098,0.203649,3.129,0.002,0.025,0.196847,-0.074157,0.203742,3.128,0.001,0.024
3.65094,12,0.196875,-0.074112,0.203636,3.129,0.002,0.025,0.196847,-0.074157,0.203742,3.128,0.001,0.024
3.671,12,0.196875,-0.074124,0.203622,3.129,0.002,0.025,0.196847,-0.074157,0.203742,3.128,0.001,0.024
3.69106,11,0.196875,-0.074136,0.203609,3.129,0.002,0.025,0.196872,-0.07425,0.203687,3.128,0.001,0.023
3.71112,10,0.196875,-0.074147,0.203601,3.129,0.002,0.025,0.196872,-0.07425,0.203687,3.128,0.001,0.023
3.73118,4,0.196875,-0.074152,0.203597,3.129,0.002,0.025,0.196872,-0.07425,0.203687,3.128,0.001,0.023
3.75124,2,0.196875,-0.074152,0.203595,3.129,0.002,0.025,0.196858,-0.074323,0.203607,3.128,0.001,0.023
3.7713,0,0.196875,-0.074152,0.203595,3.129,0.002,0.025,0.196858,-0.074323,0.203607,3.128,0.001,0.023
3.79136,0,0.196875,-0.074152,0.203595,3.129,0.002,0.025,0.196858,-0.074323,0.203607,3.128,0.001,0.023
3.81142,0,0.196875,-0.074152,0.203595,3.129,0.002,0.025,0.196871,-0.074332,0.203598,3.128,0.001,0.024
3.83148,0,0.196875,-0.074152,0.203595,3.129,0.002,0.025,0.196871,-0.074332,0.203598,3.128,0.001,0.024
3.85153,0,0.196875,-0.074152,0.203595,3.129,0.002,0.025,0.196871,-0.074332,0.203598,3.128,0.001,0.024
3.87159,0,0.196875,-0.074152,0.203595,3.129,0.002,0.025,0.196864,-0.074363,0.203587,3.128,0.001,0.024
3.89165,0,0.196875,-0.074152,0.203595,3.129,0.002,0.025,0.196864,-0.074363,0.203587,3.128,0.001,0.024
3.91171,0,0.196875,-0.074152,0.203595,3.129,0.002,0.025,0.196864,-0.074363,0.203587,3.128,0.001,0.024
3.93175,0,0.196875,-0.074152,0.203595,3.129,0.002,0.025,0.196869,-0.07434,0.203592,3.128,0.001,0.024
3.9518,0,0.196875,-0.074152,0.203595,3.129,0.002,0.025,0.196869,-0.07434,0.203592,3.128,0.001,0.024
3.97186,0,0.196875,-0.074152,0.203595,3.129,0.002,0.025,0.196869,-0.07434,0.203592,3.128,0.001,0.024
3.99192,0,0.196875,-0.074152,0.203595,3.129,0.002,0.025,0.196864,-0.074326,0.203572,3.128,0.001,0.024
4.01198,0,0.196875,-0.074152,0.203595,3.129,0.002,0.025,0.196864,-0.074326,0.203572,3.128,0.001,0.024
4.03203,0,0.196875,-0.074152,0.203595,3.129,0.002,0.025,0.196864,-0.074326,0.203572,3.128,0.001,0.024
4.05209,0,0.196875,-0.074152,0.203595,3.129,0.002,0.025,0.196894,-0.074281,0.203581,3.128,0.001,0.024
4.07215,0,0.196875,-0.074152,0.203595,3.129,0.002,0.025,0.196894,-0.074281,0.203581,3.128,0.001,0.024
4.0922,0,0.196875,-0.074152,0.203595,3.129,0.002,0.025,0.196894,-0.074281,0.203581,3.128,0.001,0.024
4.11226,0,0.196875,-0.074152,0.203595,3.129,0.002,0.025,0.196897,-0.074234,0.203581,3.128,0.001,0.024
4.13231,0,0.196875,-0.074152,0.203595,3.129,0.002,0.025,0.196897,-0.074234,0.203581,3.128,0.001,0.024
4.15237,0,0.196875,-0.074152,0.203595,3.129,0.002,0.025,0.196897,-0.074234,0.203581,3.128,0.001,0.024
4.17242,0,0.196875,-0.074152,0.203595,3.129,0.002,0.025,0.1969,-0.07423,0.203575,3.128,0.001,0.024
4.19248,0,0.196875,-0.074152,0.203595,3.129,0.002,0.025,0.1969,-0.07423,0.203575,3.128,0.001,0.024
4.21254,0,0.196875,-0.074152,0.203595,3.129,0.002,0.025,0.1969,-0.07423,0.203575,3.128,0.001,0.024
4.2326,0,0.196875,-0.074152,0.203595,3.129,0.002,0.025,0.196888,-0.074181,0.20358,3.129,0.001,0.024
4.25266,0,0.196875,-0.074152,0.203595,3.129,0.002,0.025,0.196888,-0.074181,0.20358,3.129,0.001,0.024
4.27275,0,0.196875,-0.074152,0.203595,3.129,0.002,0.025,0.196888,-0.074181,0.20358,3.129,0.001,0.024
4.29281,0,0.196875,-0.074152,0.203595,3.129,0.002,0.025,0.196883,-0.074162,0.203585,3.129,0.001,0.025
4.31291,0,0.196875,-0.074152,0.203595,3.129,0.002,0.025,0.196883,-0.074162,0.203585,3.129,0.001,0.025
4.33301,0,0.196875,-0.074152,0.203595,3.129,0.002,0.025,0.196883,-0.074162,0.203585,3.129,0.001,0.025
4.35307,2,0.196877,-0.074152,0.203595,3.129,0.002,0.025,0.196876,-0.074132,0.203574,3.129,0.001,0.025
4.37317,4,0.196882,-0.074152,0.203595,3.129,0.002,0.025,0.196876,-0.074132,0.203574,3.129,0.001,0.025
4.39327,5,0.196887,-0.074152,0.203595,3.129,0.002,0.025,0.196876,-0.074132,0.203574,3.129,0.001,0.025
4.41334,7,0.196895,-0.074152,0.203595,3.129,0.002,0.025,0.196881,-0.074109,0.203583,3.129,0.001,0.025
4.4334,9,0.196906,-0.074152,0.203595,3.129,0.002,0.025,0.196881,-0.074109,0.203583,3.129,0.001,0.025
4.4535,12,0.196919,-0.074152,0.203595,3.129,0.002,0.025,0.196881,-0.074109,0.203583,3.129,0.001,0.025
4.47356,14,0.196935,-0.074152,0.203595,3.129,0.002,0.025,0.196865,-0.074084,0.203565,3.129,0.002,0.025
4.49362,15,0.196952,-0.074152,0.203595,3.129,0.002,0.025,0.196865,-0.074084,0.203565,3.129,0.002,0.025
4.51368,19,0.196974,-0.074152,0.203595,3.129,0.002,0.025,0.196865,-0.074084,0.203565,3.129,0.002,0.025
4.53374,21,0.196998,-0.074152,0.203595,3.129,0.002,0.025,0.196883,-0.074083,0.203552,3.129,0.002,0.025
4.55375,25,0.197027,-0.074152,0.203595,3.129,0.002,0.025,0.196883,-0.074083,0.203552,3.129,0.002,0.025
4.5738,28,0.197059,-0.074152,0.203595,3.129,0.002,0.025,0.196883,-0.074083,0.203552,3.129,0.002,0.025
4.59386,35,0.197099,-0.074152,0.203595,3.129,0.002,0.025,0.196938,-0.074054,0.203539,3.129,0.002,0.025
4.61392,35,0.197139,-0.074152,0.203595,3.129,0.002,0.025,0.196938,-0.074054,0.203539,3.129,0.002,0.025
4.63398,40,0.197184,-0.074152,0.203595,3.129,0.002,0.025,0.196938,-0.074054,0.203539,3.129,0.002,0.025
4.65404,45,0.197236,-0.074152,0.203595,3.129,0.002,0.025,0.197022,-0.074081,0.203506,3.129,0.002,0.025
4.6741,47,0.19729,-0.074152,0.203595,3.129,0.002,0.025,0.197022,-0.074081,0.203506,3.129,0.002,0.025
4.69416,47,0.197343,-0.074152,0.203595,3.129,0.002,0.025,0.197022,-0.074081,0.203506,3.129,0.002,0.025
4.71421,49,0.197399,-0.074152,0.203595,3.129,0.002,0.025,0.197206,-0.074101,0.203532,3.129,0.002,0.025
4.73427,52,0.197459,-0.074152,0.203595,3.129,0.002,0.025,0.197206,-0.074101,0.203532,3.129,0.002,0.025
4.75434,51,0.197517,-0.074152,0.203595,3.129,0.002,0.025,0.197206,-0.074101,0.203532,3.129,0.002,0.025
4.7744,51,0.197575,-0.074152,0.203595,3.129,0.002,0.025,0.197347,-0.074083,0.203525,3.129,0.002,0.025
4.79445,52,0.197635,-0.074152,0.203593,3.129,0.002,0.025,0.197347,-0.074083,0.203525,3.129,0.002,0.025
4.81451,52,0.197694,-0.074152,0.20359,3.129,0.002,0.025,0.197347,-0.074083,0.203525,3.129,0.002,0.025
4.83457,49,0.19775,-0.074152,0.203585,3.129,0.002,0.025,0.197579,-0.074093,0.203574,3.129,0.001,0.025
4.85463,47,0.197804,-0.074152,0.203579,3.129,0.002,0.025,0.197661,-0.074106,0.203587,3.128,0.001,0.025
4.87468,46,0.197856,-0.074152,0.203571,3.129,0.002,0.025,0.197661,-0.074106,0.203587,3.128,0.001,0.025
4.89475,45,0.197908,-0.074152,0.203563,3.129,0.002,0.025,0.197661,-0.074106,0.203587,3.128,0.001,0.025
4.9148,43,0.197957,-0.074152,0.203549,3.129,0.002,0.025,0.197801,-0.074085,0.203595,3.128,0.001,0.025
4.93486,40,0.198003,-0.074152,0.203531,3.129,0.002,0.025,0.197801,-0.074085,0.203595,3.128,0.001,0.025
4.95492,38,0.198046,-0.074152,0.203508,3.129,0.002,0.025,0.197942,-0.074088,0.203592,3.128,0.001,0.025
4.97498,38,0.19809,-0.074152,0.20348,3.129,0.002,0.025,0.197942,-0.074088,0.203592,3.128,0.001,0.025
4.99504,35,0.198127,-0.074152,0.20344,3.129,0.002,0.025,0.197942,-0.074088,0.203592,3.128,0.001,0.025
5.0151,40,0.198162,-0.074152,0.203395,3.129,0.002,0.025,0.198105,-0.074066,0.203534,3.128,0.001,0.025
5.03516,46,0.198195,-0.074152,0.203342,3.129,0.002,0.025,0.198105,-0.074066,0.203534,3.128,0.001,0.025
5.05522,51,0.198227,-0.074152,0.203284,3.129,0.002,0.025,0.198105,-0.074066,0.203534,3.128,0.001,0.025
5.07528,59,0.198252,-0.074152,0.203216,3.129,0.002,0.025,0.198167,-0.07402,0.203417,3.129,0.001,0.026
5.09538,62,0.198275,-0.074152,0.203145,3.129,0.002,0.025,0.198167,-0.07402,0.203417,3.129,0.001,0.026
5.11544,65,0.198298,-0.074152,0.203071,3.129,0.002,0.025,0.198167,-0.07402,0.203417,3.129,0.001,0.026
5.1355,68,0.19832,-0.074152,0.202993,3.129,0.002,0.025,0.198197,-0.073996,0.203314,3.129,0.002,0.026
5.15556,73,0.198341,-0.074153,0.20291,3.129,0.002,0.025,0.198197,-0.073996,0.203314,3.129,0.002,0.026
5.17562,76,0.198359,-0.074159,0.202823,3.129,0.002,0.025,0.198197,-0.073996,0.203314,3.129,0.002,0.026
5.19568,78,0.198376,-0.074166,0.202734,3.129,0.002,0.025,0.198211,-0.073957,0.203173,3.129,0.002,0.026
5.21574,79,0.198391,-0.074172,0.202644,3.129,0.002,0.025,0.198211,-0.073957,0.203173,3.129,0.002,0.026
5.23575,81,0.198404,-0.074178,0.202551,3.129,0.002,0.025,0.198211,-0.073957,0.203173,3.129,0.002,0.026
5.25581,82,0.198416,-0.074184,0.202457,3.129,0.002,0.025,0.198327,-0.073977,0.203005,3.129,0.002,0.026
5.27586,82,0.198429,-0.07419,0.202364,3.129,0.002,0.025,0.19837,-0.073987,0.202904,3.129,0.002,0.026
5.29592,82,0.198442,-0.074194,0.20227,3.129,0.002,0.025,0.19837,-0.073987,0.202904,3.129,0.002,0.026
5.31598,82,0.198453,-0.074202,0.202176,3.129,0.002,0.025,0.198435,-0.074,0.202684,3.129,0.002,0.026
5.33604,82,0.198464,-0.07421,0.202083,3.129,0.002,0.025,0.198451,-0.074021,0.202602,3.129,0.002,0.026
5.3561,82,0.198475,-0.074217,0.201989,3.129,0.002,0.025,0.198451,-0.074021,0.202602,3.129,0.002,0.026
5.37615,83,0.198484,-0.074224,0.201894,3.129,0.002,0.025,0.198483,-0.074043,0.202444,3.129,0.002,0.026
5.39622,85,0.19849,-0.074232,0.201797,3.129,0.002,0.025,0.198483,-0.074043,0.202444,3.129,0.002,0.026
5.41627,86,0.198494,-0.07424,0.201699,3.129,0.002,0.025,0.198483,-0.074043,0.202444,3.129,0.002,0.026
5.43633,87,0.198496,-0.074248,0.201599,3.129,0.002,0.025,0.198566,-0.074081,0.202178,3.129,0.002,0.026
5.45639,89,0.198498,-0.074256,0.201497,3.129,0.002,0.025,0.198548,-0.074084,0.20205,3.129,0.002,0.026
5.47644,91,0.198498,-0.074263,0.201393,3.129,0.002,0.025,0.198548,-0.074084,0.20205,3.129,0.002,0.026
5.49649,92,0.198498,-0.074272,0.201288,3.129,0.002,0.025,0.198577,-0.074141,0.201657,3.128,0.002,0.025
5.51655,93,0.198498,-0.074282,0.201182,3.129,0.002,0.025,0.198577,-0.074141,0.201657,3.128,0.002,0.025
5.5366,95,0.198498,-0.07429,0.201073,3.129,0.002,0.025,0.198577,-0.074141,0.201657,3.128,0.002,0.025
5.55666,94,0.198498,-0.074295,0.200966,3.129,0.002,0.025,0.198558,-0.074155,0.201505,3.128,0.002,0.025
5.57671,92,0.198498,-0.0743,0.200861,3.129,0.002,0.025,0.198538,-0.074148,0.201425,3.128,0.002,0.025
5.59674,92,0.198498,-0.074306,0.200756,3.129,0.002,0.025,0.198538,-0.074148,0.201425,3.128,0.002,0.025
5.6168,90,0.198498,-0.074313,0.200653,3.129,0.002,0.025,0.198541,-0.074171,0.201048,3.128,0.002,0.025
5.63685,86,0.198498,-0.074313,0.200555,3.129,0.002,0.025,0.198541,-0.074171,0.201048,3.128,0.002,0.025
5.6569,81,0.198498,-0.074313,0.200462,3.129,0.002,0.025,0.198541,-0.074171,0.201048,3.128,0.002,0.025
5.67696,78,0.198498,-0.074314,0.200373,3.129,0.002,0.025,0.19851,-0.074188,0.200939,3.128,0.002,0.025
5.69701,76,0.198498,-0.074315,0.200286,3.129,0.002,0.025,0.198577,-0.07421,0.200802,3.128,0.002,0.025
5.71707,70,0.198498,-0.074316,0.200206,3.129,0.002,0.025,0.198577,-0.07421,0.200802,3.128,0.002,0.025
5.73712,65,0.198498,-0.074319,0.200132,3.129,0.002,0.025,0.198578,-0.074203,0.200395,3.128,0.002,0.025
5.75718,64,0.198498,-0.074321,0.200059,3.129,0.002,0.025,0.198578,-0.074203,0.200395,3.128,0.002,0.025
5.77723,63,0.198498,-0.074321,0.199987,3.129,0.002,0.025,0.198578,-0.074203,0.200395,3.128,0.002,0.025
5.79729,62,0.198498,-0.074321,0.199916,3.129,0.002,0.025,0.19854,-0.074211,0.200263,3.128,0.002,0.025
5.81734,60,0.198498,-0.074323,0.199847,3.129,0.002,0.025,0.198541,-0.074212,0.200213,3.128,0.002,0.025
5.8374,59,0.198498,-0.074327,0.19978,3.129,0.002,0.025,0.198541,-0.074212,0.200213,3.128,0.002,0.025
5.85745,58,0.198498,-0.074329,0.199713,3.129,0.002,0.025,0.198551,-0.07419,0.199886,3.128,0.002,0.025
5.87751,57,0.198498,-0.074329,0.199648,3.129,0.002,0.025,0.198551,-0.07419,0.199886,3.128,0.002,0.025
5.89756,56,0.198498,-0.07433,0.199584,3.129,0.002,0.025,0.198551,-0.07419,0.199886,3.128,0.002,0.025
5.91762,53,0.198498,-0.074334,0.199524,3.129,0.002,0.025,0.198538,-0.074184,0.199774,3.129,0.002,0.025
5.93767,51,0.198498,-0.074336,0.199465,3.129,0.002,0.025,0.198543,-0.074175,0.19971,3.129,0.002,0.025
5.95773,47,0.198498,-0.074336,0.199412,3.129,0.002,0.025,0.198543,-0.074175,0.19971,3.129,0.002,0.025
5.97774,43,0.198498,-0.074336,0.199363,3.129,0.002,0.025,0.198543,-0.074175,0.19971,3.129,0.002,0.025
5.9978,41,0.198498,-0.074336,0.199316,3.129,0.002,0.025,0.198548,-0.074164,0.199481,3.129,0.002,0.025
6.01785,38,0.198498,-0.074336,0.199272,3.129,0.002,0.025,0.198548,-0.074164,0.199481,3.129,0.002,0.025
6.03791,30,0.198498,-0.074336,0.199238,3.129,0.002,0.025,0.198548,-0.074164,0.199481,3.129,0.002,0.025
6.05796,25,0.198498,-0.074336,0.199209,3.129,0.002,0.025,0.19854,-0.074179,0.199297,3.129,0.002,0.025
6.07802,21,0.198498,-0.074336,0.199185,3.129,0.002,0.025,0.198552,-0.074183,0.199268,3.129,0.002,0.025
6.09807,15,0.198498,-0.074336,0.199168,3.129,0.002,0.025,0.198552,-0.074183,0.199268,3.129,0.002,0.025
6.11813,4,0.198498,-0.074336,0.199164,3.129,0.002,0.025,0.198534,-0.074195,0.199175,3.129,0.002,0.025
6.13818,0,0.198498,-0.074336,0.199164,3.129,0.002,0.025,0.198534,-0.074195,0.199175,3.129,0.002,0.025
6.15824,0,0.198498,-0.074336,0.199164,3.129,0.002,0.025,0.198534,-0.074195,0.199175,3.129,0.002,0.025
6.17829,0,0.198498,-0.074336,0.199164,3.129,0.002,0.025,0.198536,-0.074192,0.199129,3.129,0.002,0.025
6.19834,0,0.198498,-0.074336,0.199164,3.129,0.002,0.025,0.198531,-0.074212,0.19913,3.129,0.002,0.025
6.2184,0,0.198498,-0.074336,0.199164,3.129,0.002,0.025,0.198531,-0.074212,0.19913,3.129,0.002,0.025
6.23846,0,0.198498,-0.074336,0.199164,3.129,0.002,0.025,0.19852,-0.074208,0.199117,3.129,0.002,0.025
6.25851,0,0.198498,-0.074336,0.199164,3.129,0.002,0.025,0.19852,-0.074208,0.199117,3.129,0.002,0.025
6.27857,0,0.198498,-0.074336,0.199164,3.129,0.002,0.025,0.19852,-0.074208,0.199117,3.129,0.002,0.025
6.29863,0,0.198498,-0.074336,0.199164,3.129,0.002,0.025,0.198521,-0.074216,0.199117,3.129,0.002,0.025
6.31869,0,0.198498,-0.074336,0.199164,3.129,0.002,0.025,0.198508,-0.074227,0.199111,3.129,0.002,0.025
6.33874,0,0.198498,-0.074336,0.199164,3.129,0.002,0.025,0.198508,-0.074227,0.199111,3.129,0.002,0.025
6.3588,0,0.198498,-0.074336,0.199164,3.129,0.002,0.025,0.198509,-0.074265,0.199127,3.129,0.002,0.025
6.37885,7,0.198498,-0.074336,0.199164,3.129,0.002,0.025,0.198509,-0.074265,0.199127,3.129,0.002,0.025
6.3989,9,0.198498,-0.074336,0.199164,3.129,0.002,0.025,0.198509,-0.074265,0.199127,3.129,0.002,0.025
6.41896,12,0.198498,-0.074336,0.199166,3.129,0.002,0.025,0.1985,-0.074285,0.199137,3.129,0.002,0.025
6.43901,18,0.198498,-0.074336,0.199183,3.129,0.002,0.025,0.1985,-0.074285,0.199137,3.129,0.002,0.025
6.45907,30,0.198498,-0.074336,0.199207,3.129,0.002,0.025,0.1985,-0.074285,0.199137,3.129,0.002,0.025
6.47912,33,0.198498,-0.074336,0.199233,3.129,0.002,0.025,0.1985,-0.074299,0.199147,3.129,0.001,0.025
6.49917,35,0.198498,-0.074336,0.199263,3.129,0.002,0.025,0.1985,-0.074299,0.199147,3.129,0.001,0.025
6.51923,35,0.198498,-0.074336,0.199297,3.129,0.002,0.025,0.1985,-0.074299,0.199147,3.129,0.001,0.025
6.53928,40,0.198498,-0.074336,0.199335,3.129,0.002,0.025,0.198514,-0.074279,0.199176,3.129,0.001,0.025
6.55934,44,0.198498,-0.074336,0.199376,3.129,0.002,0.025,0.198514,-0.074279,0.199176,3.129,0.001,0.025
6.57939,45,0.198498,-0.074336,0.199421,3.129,0.002,0.025,0.198514,-0.074279,0.199176,3.129,0.001,0.025
6.59944,46,0.198498,-0.074336,0.199469,3.129,0.002,0.025,0.19854,-0.074295,0.199234,3.129,0.001,0.025
6.61949,48,0.198498,-0.074336,0.199519,3.129,0.002,0.025,0.19854,-0.074295,0.199234,3.129,0.001,0.025
6.63955,50,0.198498,-0.074336,0.199576,3.129,0.002,0.025,0.19854,-0.074295,0.199234,3.129,0.001,0.025
6.65961,60,0.198498,-0.074336,0.199645,3.129,0.002,0.025,0.198621,-0.074313,0.199355,3.128,0.001,0.025
6.67967,59,0.198498,-0.074336,0.199712,3.129,0.002,0.025,0.198621,-0.074313,0.199355,3.128,0.001,0.025
6.69973,61,0.198498,-0.074336,0.199782,3.129,0.002,0.025,0.198621,-0.074313,0.199355,3.128,0.001,0.025
6.71975,65,0.198498,-0.074336,0.199856,3.129,0.002,0.025,0.198666,-0.074329,0.199491,3.128,0.0,0.025
6.73981,78,0.198498,-0.074336,0.199945,3.129,0.002,0.025,0.198666,-0.074329,0.199491,3.128,0.0,0.025
6.75987,84,0.198498,-0.074336,0.200041,3.129,0.002,0.025,0.198666,-0.074329,0.199491,3.128,0.0,0.025
6.77992,90,0.198498,-0.074336,0.200144,3.129,0.002,0.025,0.198762,-0.074349,0.199633,3.128,0.0,0.025
6.79998,95,0.198498,-0.074336,0.200253,3.129,0.002,0.025,0.198762,-0.074349,0.199633,3.128,0.0,0.025
6.82004,108,0.198498,-0.074336,0.200376,3.129,0.002,0.025,0.198762,-0.074349,0.199633,3.128,0.0,0.025
6.8401,117,0.198498,-0.074336,0.20051,3.129,0.002,0.025,0.198869,-0.07439,0.199838,3.128,0.0,0.025
6.86016,129,0.198498,-0.074336,0.200657,3.129,0.002,0.025,0.198869,-0.07439,0.199838,3.128,0.0,0.025
6.88022,138,0.198498,-0.074336,0.200815,3.129,0.002,0.025,0.198869,-0.07439,0.199838,3.128,0.0,0.025
6.90027,146,0.198498,-0.074336,0.200982,3.129,0.002,0.025,0.198869,-0.074366,0.200278,3.128,0.0,0.025
6.92033,144,0.198498,-0.074336,0.201147,3.129,0.002,0.025,0.198869,-0.074366,0.200278,3.128,0.0,0.025
6.94038,149,0.198498,-0.074336,0.201317,3.129,0.002,0.025,0.198869,-0.074366,0.200278,3.128,0.0,0.025
6.96044,143,0.198498,-0.074336,0.20148,3.129,0.002,0.025,0.198903,-0.07432,0.200481,3.128,0.0,0.025
6.98049,147,0.198498,-0.074336,0.201648,3.129,0.002,0.025,0.198903,-0.07432,0.200481,3.128,0.0,0.025
7.00055,148,0.198498,-0.074336,0.201817,3.129,0.002,0.025,0.198903,-0.07432,0.200481,3.128,0.0,0.025
7.02061,148,0.198498,-0.074336,0.201987,3.129,0.002,0.025,0.198933,-0.074317,0.201188,3.128,0.0,0.025
7.04067,148,0.198498,-0.074336,0.202156,3.129,0.002,0.025,0.198933,-0.074317,0.201188,3.128,0.0,0.025
7.06072,148,0.198498,-0.074336,0.202325,3.129,0.002,0.025,0.198933,-0.074317,0.201188,3.128,0.0,0.025
7.08074,150,0.198498,-0.074336,0.202496,3.129,0.002,0.025,0.198812,-0.074241,0.20143,3.128,0.0,0.025
7.1008,150,0.198498,-0.074336,0.202668,3.129,0.002,0.025,0.198812,-0.074241,0.20143,3.128,0.0,0.025
7.12085,153,0.198498,-0.074336,0.202843,3.129,0.002,0.025,0.198812,-0.074241,0.20143,3.128,0.0,0.025
7.1409,156,0.198498,-0.074336,0.203021,3.129,0.002,0.025,0.198879,-0.074254,0.202199,3.128,0.0,0.025
7.16096,159,0.198498,-0.074336,0.203203,3.129,0.002,0.025,0.198879,-0.074254,0.202199,3.128,0.0,0.025
7.18102,159,0.198498,-0.074336,0.203384,3.129,0.002,0.025,0.198879,-0.074254,0.202199,3.128,0.0,0.025
7.20108,160,0.198498,-0.074336,0.203567,3.129,0.002,0.025,0.198815,-0.074233,0.20252,3.129,0.0,0.025
7.22114,164,0.198498,-0.074336,0.203755,3.129,0.002,0.025,0.198815,-0.074233,0.20252,3.129,0.0,0.025
7.2412,162,0.198498,-0.074336,0.20394,3.129,0.002,0.025,0.198815,-0.074233,0.20252,3.129,0.0,0.025
7.26126,162,0.198498,-0.074336,0.204125,3.129,0.002,0.025,0.198667,-0.074187,0.203225,3.129,0.0,0.025
7.28131,160,0.198498,-0.074336,0.204308,3.129,0.002,0.025,0.198667,-0.074187,0.203225,3.129,0.0,0.025
7.30137,157,0.198498,-0.074336,0.204487,3.129,0.002,0.025,0.198667,-0.074187,0.203225,3.129,0.0,0.025
7.32143,156,0.198498,-0.074336,0.204665,3.129,0.002,0.025,0.198733,-0.074238,0.203655,3.129,0.0,0.025
7.34149,152,0.198498,-0.074336,0.204839,3.129,0.002,0.025,0.198733,-0.074238,0.203655,3.129,0.0,0.025
7.36154,152,0.198498,-0.074336,0.205013,3.129,0.002,0.025,0.198733,-0.074238,0.203655,3.129,0.0,0.025
7.38161,151,0.198498,-0.074336,0.205185,3.129,0.002,0.025,0.198733,-0.074238,0.203655,3.129,0.0,0.025
7.40166,149,0.198498,-0.074336,0.205356,3.129,0.002,0.025,0.198732,-0.074267,0.204523,3.129,0.0,0.025
7.42172,146,0.198498,-0.074336,0.205523,3.129,0.002,0.025,0.198732,-0.074267,0.204523,3.129,0.0,0.025
7.44174,143,0.198498,-0.074336,0.205686,3.129,0.002,0.025,0.198632,-0.07427,0.204745,3.129,0.001,0.025
7.4618,137,0.198498,-0.074336,0.205843,3.129,0.002,0.025,0.198632,-0.07427,0.204745,3.129,0.001,0.025
7.48187,127,0.198498,-0.074336,0.205988,3.129,0.002,0.025,0.198632,-0.07427,0.204745,3.129,0.001,0.025
7.50193,120,0.198498,-0.074336,0.206125,3.129,0.002,0.025,0.198725,-0.074317,0.205423,3.128,0.0,0.025
7.52198,115,0.198498,-0.074336,0.206256,3.129,0.002,0.025,0.198725,-0.074317,0.205423,3.128,0.0,0.025
7.54204,105,0.198498,-0.074336,0.206376,3.129,0.002,0.025,0.198725,-0.074317,0.205423,3.128,0.0,0.025
7.56206,76,0.198498,-0.074336,0.206463,3.129,0.002,0.025,0.198648,-0.074326,0.205755,3.129,0.001,0.025
7.58212,59,0.198498,-0.074336,0.206531,3.129,0.002,0.025,0.198648,-0.074326,0.205755,3.129,0.001,0.025
7.60218,38,0.198498,-0.074336,0.206574,3.129,0.002,0.025,0.198648,-0.074326,0.205755,3.129,0.001,0.025
7.62224,19,0.198498,-0.074336,0.206596,3.129,0.002,0.025,0.198656,-0.074349,0.206349,3.129,0.001,0.025
7.64229,0,0.198498,-0.074336,0.206596,3.129,0.002,0.025,0.198656,-0.074349,0.206349,3.129,0.001,0.025
7.66235,0,0.198498,-0.074336,0.206596,3.129,0.002,0.025,0.198656,-0.074349,0.206349,3.129,0.001,0.025
7.68241,0,0.198498,-0.074336,0.206596,3.129,0.002,0.025,0.198623,-0.074362,0.206559,3.129,0.001,0.025
7.70247,0,0.198498,-0.074336,0.206596,3.129,0.002,0.025,0.198623,-0.074362,0.206559,3.129,0.001,0.025
7.72252,0,0.198498,-0.074336,0.206596,3.129,0.002,0.025,0.198623,-0.074362,0.206559,3.129,0.001,0.025
7.74258,0,0.198498,-0.074336,0.206596,3.129,0.002,0.025,0.198592,-0.07438,0.20666,3.128,0.001,0.025
7.76264,0,0.198498,-0.074336,0.206596,3.129,0.002,0.025,0.198592,-0.07438,0.20666,3.128,0.001,0.025
7.7827,0,0.198498,-0.074336,0.206596,3.129,0.002,0.025,0.198592,-0.07438,0.20666,3.128,0.001,0.025
7.80275,0,0.198498,-0.074336,0.206596,3.129,0.002,0.025,0.198594,-0.074375,0.20667,3.128,0.001,0.025
7.82281,0,0.198498,-0.074336,0.206596,3.129,0.002,0.025,0.198594,-0.074375,0.20667,3.128,0.001,0.025
7.84286,0,0.198498,-0.074336,0.206596,3.129,0.002,0.025,0.198594,-0.074375,0.20667,3.128,0.001,0.025
7.86292,0,0.198498,-0.074336,0.206596,3.129,0.002,0.025,0.198564,-0.074361,0.206652,3.128,0.001,0.025
7.88298,0,0.198498,-0.074336,0.206596,3.129,0.002,0.025,0.198564,-0.074361,0.206652,3.128,0.001,0.025
7.90304,0,0.198498,-0.074336,0.206596,3.129,0.002,0.025,0.198564,-0.074361,0.206652,3.128,0.001,0.025
7.9231,0,0.198498,-0.074336,0.206596,3.129,0.002,0.025,0.198577,-0.074364,0.20666,3.128,0.001,0.025
7.94316,0,0.198498,-0.074336,0.206596,3.129,0.002,0.025,0.198577,-0.074364,0.20666,3.128,0.001,0.025
7.96322,0,0.198498,-0.074336,0.206596,3.129,0.002,0.025,0.198577,-0.074364,0.20666,3.128,0.001,0.025
7.98328,0,0.198498,-0.074336,0.206596,3.129,0.002,0.025,0.198562,-0.07437,0.206646,3.128,0.001,0.025
8.00333,0,0.198498,-0.074336,0.206596,3.129,0.002,0.025,0.198562,-0.07437,0.206646,3.128,0.001,0.025
8.02339,0,0.198498,-0.074336,0.206596,3.129,0.002,0.025,0.198562,-0.07437,0.206646,3.128,0.001,0.025
8.04345,0,0.198498,-0.074336,0.206596,3.129,0.002,0.025,0.198535,-0.07436,0.206631,3.128,0.001,0.024
8.06351,0,0.198498,-0.074336,0.206596,3.129,0.002,0.025,0.198535,-0.07436,0.206631,3.128,0.001,0.024
8.08357,0,0.198498,-0.074336,0.206596,3.129,0.002,0.025,0.198535,-0.07436,0.206631,3.128,0.001,0.024
8.10362,0,0.198498,-0.074336,0.206596,3.129,0.002,0.025,0.198511,-0.074332,0.206615,3.128,0.001,0.025
8.12369,0,0.198498,-0.074336,0.206596,3.129,0.002,0.025,0.198503,-0.074331,0.206617,3.128,0.001,0.024
8.14375,0,0.198498,-0.074336,0.206596,3.129,0.002,0.025,0.198503,-0.074331,0.206617,3.128,0.001,0.024
8.16381,0,0.198498,-0.074336,0.206596,3.129,0.002,0.025,0.198488,-0.074333,0.206597,3.128,0.002,0.024
8.18386,0,0.198498,-0.074336,0.206596,3.129,0.002,0.025,0.198488,-0.074333,0.206597,3.128,0.002,0.024
8.20393,0,0.198498,-0.074336,0.206596,3.129,0.002,0.025,0.198488,-0.074333,0.206597,3.128,0.002,0.024
8.22398,0,0.198498,-0.074336,0.206596,3.129,0.002,0.025,0.198497,-0.074335,0.206602,3.128,0.001,0.024
8.24404,0,0.198498,-0.074336,0.206596,3.129,0.002,0.025,0.198497,-0.074335,0.206602,3.128,0.001,0.024
8.2641,0,0.198498,-0.074336,0.206596,3.129,0.002,0.025,0.198497,-0.074335,0.206602,3.128,0.001,0.024
8.28416,0,0.198498,-0.074336,0.206596,3.129,0.002,0.025,0.198475,-0.074325,0.206595,3.129,0.002,0.024
8.30422,0,0.198498,-0.074336,0.206596,3.129,0.002,0.025,0.198475,-0.074325,0.206595,3.129,0.002,0.024
8.32428,0,0.198498,-0.074336,0.206596,3.129,0.002,0.025,0.198475,-0.074325,0.206595,3.129,0.002,0.024
8.34433,0,0.198498,-0.074336,0.206596,3.129,0.002,0.025,0.198473,-0.074334,0.206589,3.129,0.002,0.024
8.36439,0,0.198498,-0.074336,0.206596,3.129,0.002,0.025,0.198474,-0.074332,0.2066,3.128,0.002,0.024
8.38444,0,0.198498,-0.074336,0.206596,3.129,0.002,0.025,0.198474,-0.074332,0.2066,3.128,0.002,0.024
8.4045,0,0.198498,-0.074336,0.206596,3.129,0.002,0.025,0.198482,-0.074344,0.206603,3.128,0.002,0.024
8.42456,0,0.198498,-0.074336,0.206596,3.129,0.002,0.025,0.198482,-0.074344,0.206603,3.128,0.002,0.024
8.44462,0,0.198498,-0.074336,0.206596,3.129,0.002,0.025,0.198482,-0.074344,0.206603,3.128,0.002,0.024
8.46467,0,0.198498,-0.074336,0.206596,3.129,0.002,0.025,0.198471,-0.074331,0.206594,3.129,0.002,0.024
8.48473,0,0.198498,-0.074336,0.206596,3.129,0.002,0.025,0.198471,-0.074331,0.206594,3.129,0.002,0.024
8.50475,0,0.198498,-0.074336,0.206596,3.129,0.002,0.025,0.198471,-0.074331,0.206594,3.129,0.002,0.024
8.52481,0,0.198498,-0.074336,0.206596,3.129,0.002,0.025,0.198476,-0.074331,0.20659,3.128,0.002,0.025
8.54487,0,0.198498,-0.074336,0.206596,3.129,0.002,0.025,0.198476,-0.074331,0.20659,3.128,0.002,0.025
8.56493,0,0.198498,-0.074336,0.206596,3.129,0.002,0.025,0.198476,-0.074331,0.20659,3.128,0.002,0.025
8.58499,0,0.198498,-0.074336,0.206596,3.129,0.002,0.025,0.19848,-0.074326,0.2066,3.129,0.002,0.024
8.60504,0,0.198498,-0.074336,0.206596,3.129,0.002,0.025,0.19848,-0.074326,0.2066,3.129,0.002,0.024
8.6251,0,0.198498,-0.074336,0.206596,3.129,0.002,0.025,0.19848,-0.074326,0.2066,3.129,0.002,0.024
8.64516,0,0.198498,-0.074336,0.206596,3.129,0.002,0.025,0.198486,-0.074331,0.206598,3.128,0.002,0.024
8.66522,0,0.198498,-0.074336,0.206596,3.129,0.002,0.025,0.198486,-0.074331,0.206598,3.128,0.002,0.024
8.68528,0,0.198498,-0.074336,0.206596,3.129,0.002,0.025,0.198486,-0.074331,0.206598,3.128,0.002,0.024
8.70534,0,0.198498,-0.074336,0.206596,3.129,0.002,0.025,0.198485,-0.074325,0.206598,3.129,0.002,0.025
8.7254,0,0.198498,-0.074336,0.206596,3.129,0.002,0.025,0.198484,-0.074331,0.206599,3.128,0.002,0.024
8.74546,0,0.198498,-0.074336,0.206596,3.129,0.002,0.025,0.198484,-0.074331,0.206599,3.128,0.002,0.024
8.76551,0,0.198498,-0.074336,0.206596,3.129,0.002,0.025,0.198475,-0.074333,0.206585,3.129,0.002,0.024
8.78557,0,0.198498,-0.074336,0.206596,3.129,0.002,0.025,0.198475,-0.074333,0.206585,3.129,0.002,0.024
8.80563,0,0.198498,-0.074336,0.206596,3.129,0.002,0.025,0.198475,-0.074333,0.206585,3.129,0.002,0.024
8.82569,0,0.198498,-0.074336,0.206596,3.129,0.002,0.025,0.198473,-0.074331,0.206595,3.129,0.002,0.024
8.84575,0,0.198498,-0.074336,0.206596,3.129,0.002,0.025,0.198473,-0.074331,0.206595,3.129,0.002,0.024
8.8658,0,0.198498,-0.074336,0.206596,3.129,0.002,0.025,0.198473,-0.074331,0.206595,3.129,0.002,0.024
8.88586,0,0.198498,-0.074336,0.206596,3.129,0.002,0.025,0.198493,-0.074315,0.206594,3.128,0.002,0.025
8.90592,0,0.198498,-0.074336,0.206596,3.129,0.002,0.025,0.198493,-0.074315,0.206594,3.128,0.002,0.025
8.92598,0,0.198498,-0.074336,0.206596,3.129,0.002,0.025,0.198493,-0.074315,0.206594,3.128,0.002,0.025
8.94603,0,0.198498,-0.074336,0.206596,3.129,0.002,0.025,0.198488,-0.074337,0.206598,3.128,0.002,0.024
8.96609,0,0.198498,-0.074336,0.206596,3.129,0.002,0.025,0.198488,-0.074337,0.206598,3.128,0.002,0.024
8.98614,0,0.198498,-0.074336,0.206596,3.129,0.002,0.025,0.198488,-0.074337,0.206598,3.128,0.002,0.024
9.00619,0,0.198498,-0.074336,0.206596,3.129,0.002,0.025,0.19849,-0.074341,0.206593,3.128,0.002,0.024
9.02625,0,0.198498,-0.074336,0.206596,3.129,0.002,0.025,0.198503,-0.074332,0.206607,3.128,0.001,0.024
9.0463,0,0.198498,-0.074336,0.206596,3.129,0.002,0.025,0.198503,-0.074332,0.206607,3.128,0.001,0.024
9.06636,0,0.198498,-0.074336,0.206596,3.129,0.002,0.025,0.198496,-0.074344,0.206597,3.128,0.001,0.024
9.08642,0,0.198498,-0.074336,0.206596,3.129,0.002,0.025,0.198496,-0.074344,0.206597,3.128,0.001,0.024
9.10648,0,0.198498,-0.074336,0.206596,3.129,0.002,0.025,0.198496,-0.074344,0.206597,3.128,0.001,0.024
9.12654,0,0.198498,-0.074336,0.206596,3.129,0.002,0.025,0.198484,-0.074336,0.206589,3.129,0.002,0.024
9.14659,0,0.198498,-0.074336,0.206596,3.129,0.002,0.025,0.198484,-0.074336,0.206589,3.129,0.002,0.024
9.16665,0,0.198498,-0.074336,0.206596,3.129,0.002,0.025,0.198484,-0.074336,0.206589,3.129,0.002,0.024
9.1867,0,0.198498,-0.074336,0.206596,3.129,0.002,0.025,0.198485,-0.074334,0.206589,3.128,0.002,0.025
9.20674,0,0.198498,-0.074336,0.206596,3.129,0.002,0.025,0.198487,-0.074321,0.206594,3.129,0.002,0.025
9.2268,0,0.198498,-0.074336,0.206596,3.129,0.002,0.025,0.198487,-0.074321,0.206594,3.129,0.002,0.025
9.24686,0,0.198498,-0.074336,0.206596,3.129,0.002,0.025,0.198493,-0.074333,0.206593,3.129,0.002,0.024
9.26691,0,0.198498,-0.074336,0.206596,3.129,0.002,0.025,0.198493,-0.074333,0.206593,3.129,0.002,0.024
9.28697,0,0.198498,-0.074336,0.206596,3.129,0.002,0.025,0.198493,-0.074333,0.206593,3.129,0.002,0.024
9.30703,0,0.198498,-0.074336,0.206596,3.129,0.002,0.025,0.198486,-0.074337,0.20659,3.129,0.001,0.024
9.32708,0,0.198498,-0.074336,0.206596,3.129,0.002,0.025,0.198486,-0.074337,0.20659,3.129,0.001,0.024
9.34718,0,0.198498,-0.074336,0.206596,3.129,0.002,0.025,0.198486,-0.074337,0.20659,3.129,0.001,0.024
9.36729,0,0.198498,-0.074336,0.206596,3.129,0.002,0.025,0.1985,-0.074325,0.206593,3.129,0.001,0.025
9.38741,0,0.198498,-0.074336,0.206596,3.129,0.002,0.025,0.1985,-0.074325,0.206593,3.129,0.001,0.025
9.40751,0,0.198498,-0.074336,0.206596,3.129,0.002,0.025,0.1985,-0.074325,0.206593,3.129,0.001,0.025
9.42762,0,0.198498,-0.074336,0.206596,3.129,0.002,0.025,0.198479,-0.074326,0.206583,3.129,0.002,0.025
9.44773,0,0.198498,-0.074336,0.206596,3.129,0.002,0.025,0.198472,-0.07434,0.206581,3.129,0.002,0.024
9.46775,0,0.198498,-0.074336,0.206596,3.129,0.002,0.025,0.198472,-0.07434,0.206581,3.129,0.002,0.024
9.4878,0,0.198498,-0.074336,0.206596,3.129,0.002,0.025,0.198505,-0.074323,0.206602,3.129,0.001,0.025
9.50786,0,0.198498,-0.074336,0.206596,3.129,0.002,0.025,0.198505,-0.074323,0.206602,3.129,0.001,0.025
9.52792,0,0.198498,-0.074336,0.206596,3.129,0.002,0.025,0.198505,-0.074323,0.206602,3.129,0.001,0.025
9.54798,0,0.198498,-0.074336,0.206596,3.129,0.002,0.025,0.198511,-0.074326,0.206606,3.129,0.001,0.024
9.56804,0,0.198498,-0.074336,0.206596,3.129,0.002,0.025,0.198486,-0.074331,0.206588,3.129,0.002,0.024
9.5881,0,0.198498,-0.074336,0.206596,3.129,0.002,0.025,0.198486,-0.074331,0.206588,3.129,0.002,0.024
9.60815,0,0.198498,-0.074336,0.206596,3.129,0.002,0.025,0.198486,-0.074309,0.206583,3.129,0.002,0.025
9.62821,0,0.198498,-0.074336,0.206596,3.129,0.002,0.025,0.198486,-0.074309,0.206583,3.129,0.002,0.025
9.64827,0,0.198498,-0.074336,0.206596,3.129,0.002,0.025,0.198486,-0.074309,0.206583,3.129,0.002,0.025
9.66833,0,0.198498,-0.074336,0.206596,3.129,0.002,0.025,0.198492,-0.074316,0.206588,3.129,0.002,0.025
9.68839,0,0.198498,-0.074336,0.206596,3.129,0.002,0.025,0.198491,-0.074322,0.206598,3.129,0.001,0.025
9.70845,0,0.198498,-0.074336,0.206596,3.129,0.002,0.025,0.198491,-0.074322,0.206598,3.129,0.001,0.025
9.72851,0,0.198498,-0.074336,0.206596,3.129,0.002,0.025,0.198487,-0.074318,0.206579,3.129,0.002,0.025
9.74857,0,0.198498,-0.074336,0.206596,3.129,0.002,0.025,0.198487,-0.074318,0.206579,3.129,0.002,0.025
9.76863,0,0.198498,-0.074336,0.206596,3.129,0.002,0.025,0.198487,-0.074318,0.206579,3.129,0.002,0.025
9.78869,0,0.198498,-0.074336,0.206596,3.129,0.002,0.025,0.198503,-0.07434,0.206602,3.128,0.001,0.025
9.80875,0,0.198498,-0.074336,0.206596,3.129,0.002,0.025,0.198509,-0.074322,0.206596,3.129,0.001,0.025
9.8288,0,0.198498,-0.074336,0.206596,3.129,0.002,0.025,0.198509,-0.074322,0.206596,3.129,0.001,0.025
9.84886,0,0.198498,-0.074336,0.206596,3.129,0.002,0.025,0.198482,-0.074332,0.206588,3.129,0.002,0.024
9.86892,0,0.198498,-0.074336,0.206596,3.129,0.002,0.025,0.198482,-0.074332,0.206588,3.129,0.002,0.024
9.88897,0,0.198498,-0.074336,0.206596,3.129,0.002,0.025,0.198482,-0.074332,0.206588,3.129,0.002,0.024
9.90903,0,0.198498,-0.074336,0.206596,3.129,0.002,0.025,0.198494,-0.074331,0.206592,3.129,0.002,0.025
9.92909,0,0.198498,-0.074336,0.206596,3.129,0.002,0.025,0.198494,-0.074331,0.206592,3.129,0.002,0.025
9.94915,0,0.198498,-0.074336,0.206596,3.129,0.002,0.025,0.198494,-0.074331,0.206592,3.129,0.002,0.025
9.96921,0,0.198498,-0.074336,0.206596,3.129,0.002,0.025,0.198494,-0.074333,0.206597,3.129,0.001,0.025
9.98926,0,0.198498,-0.074336,0.206596,3.129,0.002,0.025,0.198494,-0.074333,0.206597,3.129,0.001,0.025
10.00932,0,0.198498,-0.074336,0.206596,3.129,0.002,0.025,0.198494,-0.074333,0.206597,3.129,0.001,0.025
10.02938,0,0.198498,-0.074336,0.206596,3.129,0.002,0.025,0.198499,-0.074333,0.206586,3.129,0.002,0.025
10.04944,0,0.198498,-0.074336,0.206596,3.129,0.002,0.025,0.198499,-0.074333,0.206586,3.129,0.002,0.025
10.06949,0,0.198498,-0.074336,0.206596,3.129,0.002,0.025,0.198499,-0.074333,0.206586,3.129,0.002,0.025
10.08955,0,0.198498,-0.074336,0.206596,3.129,0.002,0.025,0.198491,-0.074335,0.206587,3.129,0.002,0.024
10.10966,0,0.198498,-0.074336,0.206596,3.129,0.002,0.025,0.198491,-0.074335,0.206587,3.129,0.002,0.024
10.12978,0,0.198498,-0.074336,0.206596,3.129,0.002,0.025,0.198491,-0.074335,0.206587,3.129,0.002,0.024
10.14983,0,0.198498,-0.074336,0.206596,3.129,0.002,0.025,0.198504,-0.074332,0.206591,3.129,0.001,0.024
10.16989,0,0.198498,-0.074336,0.206596,3.129,0.002,0.025,0.198504,-0.074332,0.206591,3.129,0.001,0.024
10.18995,0,0.198498,-0.074336,0.206596,3.129,0.002,0.025,0.198504,-0.074332,0.206591,3.129,0.001,0.024
10.21001,0,0.198498,-0.074336,0.206596,3.129,0.002,0.025,0.198492,-0.074333,0.206587,3.129,0.002,0.024
10.23007,0,0.198498,-0.074336,0.206596,3.129,0.002,0.025,0.198492,-0.074333,0.206587,3.129,0.002,0.024
10.25013,0,0.198498,-0.074336,0.206596,3.129,0.002,0.025,0.198492,-0.074333,0.206587,3.129,0.002,0.024
10.27018,0,0.198498,-0.074336,0.206596,3.129,0.002,0.025,0.198502,-0.074325,0.206591,3.129,0.001,0.025
10.29024,0,0.198498,-0.074336,0.206596,3.129,0.002,0.025,0.198502,-0.074325,0.206591,3.129,0.001,0.025
10.3103,0,0.198498,-0.074336,0.206596,3.129,0.002,0.025,0.198502,-0.074325,0.206591,3.129,0.001,0.025
10.33035,0,0.198498,-0.074336,0.206596,3.129,0.002,0.025,0.198491,-0.074321,0.206568,3.129,0.002,0.025
10.35041,0,0.198498,-0.074336,0.206596,3.129,0.002,0.025,0.198491,-0.074321,0.206568,3.129,0.002,0.025
10.37046,0,0.198498,-0.074336,0.206596,3.129,0.002,0.025,0.198491,-0.074321,0.206568,3.129,0.002,0.025
10.39052,0,0.198498,-0.074336,0.206596,3.129,0.002,0.025,0.198489,-0.074327,0.206573,3.129,0.002,0.025
